STT;NOI DUNG;N;E;KHU VUC;TEN;MO TA THONG TIN;GHI CHU1;Trung tâm H?i ngh?, H?i th?o;10.730656167922847;106.72134023077683;TP. HCM;"Trung tâm H?i ch? và Tri?n lãm Sài Gòn
(SECC)";Trung tâm H?i ch? và Tri?n lãm Sài Gòn (Ti?ng Anh: Saigon Exhibition and Convention Center, vi?t t?t là SECC) là m?t trung tâm h?i ngh? và tri?n lãm t?i Khu th??ng m?i tài chính qu?c t? thu?c Khu ?ô th? Phú M? H?ng, qu?n 7 (nay là ph??ng Tân M?), Thành ph? H? Chí Minh, Vi?t Nam. Hi?n t?i, ?ây là trung tâm h?i ngh? và tri?n lãm l?n nh?t t?i mi?n Nam Vi?t Nam. V?i thi?t k? hi?n ??i và di?n tích sàn c?c l?n, n?i ?ây có kh? n?ng ch?u t?i cao, phù h?p cho các tri?n lãm máy móc h?ng n?ng.;H?i ngh? và Tri?n lãm2;;10.790141248454361;106.70237215105011;TP. HCM;GEM Center;Gem center là ??a ?i?m t? ch?c du l?ch Mice t?i Sài Gòn hoàn h?o ???c nhi?u ng??i l?a ch?n t? ch?c các s? ki?n quy mô l?n. Gem center có di?n tích kho?ng 10.000m? v?i 13 phòng s?nh trang trí theo 13 phong cách khách nhau ph?c v? cho b?n t? ch?c nhi?u lo?i hình s? ki?n ??c bi?t, nh?t là du l?ch Mice.;3;;10.82587934451275;106.71644126456292;TP. HCM;White Palace;Trung tâm H?i ngh? White Palace là m?t trong nh?ng ??a ?i?m t? ch?c h?i th?o sang tr?ng và ??ng c?p t?i TP.HCM. V?i ki?n trúc hi?n ??i và ??y ?? các ti?n ích, trung tâm này có th? ?áp ?ng ???c nhu c?u t? ch?c các h?i th?o, h?i ngh? v?i s?c ch?a lên ??n 1.500 ng??i. ;4;;11.056760823511839;106.68633638150303;Bình D??ng;Trung tâm tri?n lãm Qu?c t? WTC EXPO;"Khu ph?c h?p v?i t?ng di?n tích lên ??n 165.000m?, bao g?m c? s? h? t?ng hi?n ??i, d? dàng k?t n?i v?i các khu v?c xung quanh; ???c bao quanh b?i các sân v?n ??ng ?a n?ng, khu th??ng m?i, trung tâm mua s?m và ga tàu ?i?n ng?m k?t n?i tr?c ti?p t?i TP.HCM. Trung tâm tri?n lãm Qu?c t? WTC EXPO v?i thi?t k? thông thoáng, không c?t tr?, có t?ng di?n tích 22.000m?. WTC EXPO bao g?m các s?nh tri?n lãm và khu v?c ngoài tr?i (t?ng di?n tích 3 khu tri?n lãm trong nhà là 15.000m?, và khu v?c sân ngoài tr?i chi?m 7.000m?).";5;;10.48578261417835;107.45544266488949;V?ng Tàu;InterContinental Grand Ho Tram;Là khu resort 5 sao tích h?p trung tâm h?i ngh?, thi?t k? c?a trung tâm mang ??m phong cách ???ng ??i, hòa h?p v?i phong c?nh ven bi?n. S?nh l?n Grand Ballroom có tr?n cao 7.5m t?o c?m giác r?ng rãi, sang tr?ng cùng v?i s?c ch?a lên t?i 1.100 khách, trang thi?t b? LED, âm thanh ánh sáng chu?n s? ki?n cao c?p.;6;;10.350924170465817;107.0994378565484;V?ng Tàu;Aurora Event Center;Trung tâm t? ch?c s? ki?n Aurora mang phong cách hi?n ??i, tinh t? trên t?ng nét ki?n trúc, s?c ch?a ~1.000 khách, phù h?p cho concert, s? ki?n doanh nghi?p, ?êm tri ân hoành tráng ho?c các tri?n lãm. D?ch v? ch? ng?i, âm thanh, ánh sáng chuyên nghi?p.;7;Khách s?n;10.77689599331452;106.70250359555048;TP. HCM;Hotel Continental Saigon;Khách s?n Continental có m?t v? trí vô cùng thu?n l?i khi n?m t?i s? nhà 132 – 134 ???ng ??ng Kh?i. M?t trong nh?ng con ???ng lâu ??i và n?i ti?ng nh?t t?i Sài Gòn. Ngoài ra, khác s?n còn có tên ti?ng Vi?t là khách s?n Hoàn C?u – m?t trong 5 ??a ?i?m ? H? Chí Minh ???c công nh?n Di tích “Ki?n Trúc Ngh? Thu?t”. T? khách s?n, các b?n có th? t?i các ?i?m vui ch?i gi?i trí, các ?i?m t? ch?c l? h?i, s? ki?n hay giao d?ch công vi?c m?t cách thu?n l?i và d? dàng nh?t. Và t? sân bay Tân S?n Nh?t ??n v?i khách s?n, du khách có th? ?ón taxi hay s? d?ng d?ch v? xe ?ón sân bay c?a khách s?n ch? trong vòng có 25 phút.;8;;10.780940651303702;106.70056632692278;TP. HCM;JW Marriott Hotel & Suites Saigon;JW Marriott Hotel & Suites Saigon là khách s?n 5 sao ??ng c?p th? gi?i t?a l?c t?i trung tâm TP.HCM (góc Hai Bà Tr?ng & Lê Du?n), thu?c T?p ?oàn Marriott International. V?i 305 phòng khách s?n và 260 c?n h? cao c?p (suites), n?i ?ây mang ??n không gian sang tr?ng, d?ch v? cá nhân hóa, ?m th?c tinh túy và Spa by JW, l? t??ng cho c? l?u trú và h?i ngh?. Các phòng ch?c n?ng c?a khách s?n ???c trang b? ??y ?? thi?t b? nh? âm thanh, ánh sáng, sân kh?u, loa ?ài,… thu?n ti?n cho b?n t? ch?c s? ki?n h?i ngh? h?i th?o thành công.;9;;10.784084603275929;106.702571461865;TP. HCM;Sofitel Saigon Plaza Hotel;???c ??a vào ho?t ??ng t? n?m 1999, tr?i qua g?n 20 n?m hình thành và phát tri?n, Sofitel Saigon Plaza ?ã kh?ng ??nh ???c v? trí c?a mình gi?a r?t nhi?u khách s?n cao c?p t?i Qu?n 1 c?a Tp H? Chí Minh. Khách s?n thu?c qu?n lí c?a t?p ?oàn Accor n?i ti?ng c?a Pháp vì v?y n?i ?ây s? h?u ki?n trúc 20 t?ng mang phong cách Pháp c? kính, sang tr?ng nh?ng l?i vô cùng ti?n nghi. Khách ??n v?i khách s?n ??u là nh?ng th??ng nhân ho?c khách du l?ch cao c?p. Vì th? n?u mu?n tìm m?t ??a ?i?m t? ch?c du l?ch Mice cao c?p b?n có th? cân nh?c khách s?n Sofitel Saigon.;10;;10.784318843707169;106.6958814941281;TP. HCM;Novotel Saigon Centre Hotel;Novotel là khách s?n tiêu chu?n 4 sao v?i h? th?ng phòng ngh? d??ng cao c?p, ??y ?? trang thi?t b? ti?n nghi. Novotel còn trang b? các phòng t? ch?c h?i ngh? r?ng l?n phù h?p cho các s? ki?n l?n và m?t vài phòng nh? ch?c n?ng dành cho các s? ki?n nh? h?n. Các phòng h?i ngh? c?a Novotel có th? ?áp ?ng m?i nhu c?u c?a khách hàng. Ngoài là ??a ?i?m t? ch?c du l?ch Mice t?i Tp H? Chí Minh hoàn h?o, khách s?n còn phù h?p v?i t? ch?c nhi?u s? ki?n nh? t? ch?c l? ra m?t s?n ph?m m?i, t? ch?c h?p báo, t? ch?c ti?c t?t niên cu?i n?m,…;11;;10.777684975507233;106.66495465856687;TP. HCM;Athena Hotel;Athena Hotel là khách s?n m?i s? h?u v? trí giao thông thu?n l?i nên ???c khách hàng tin t??ng l?a ch?n làm ??a ?i?m t? ch?c các s? ki?n t?i Tp H? Chí Minh. Khách s?n có không gian thoáng ?ãng, r?ng rãi, yên t?nh phù h?p v?i các bu?i s? ki?n h?i th?o h?i ngh? có quy mô nh?.;12;;10.757795960381413;106.6733060424537;TP. HCM;Windsor Plaza Hotel;Windsor Plaza là khách s?n sang tr?ng b?c nh?t ? Tp H? Chí Minh, tích h?p r?t nhi?u ti?n nghi. Ngoài h? th?ng phòng khách s?n b?t ??u t? t?ng 9, khách s?n còn có trung tâm mua s?m, khu gi?i trí, trung tâm t? ch?c h?i ngh?, phòng t?p th? d?c, h? b?i,… Khách ??n tham d? h?i th?o h?i ngh? – du l?ch Mice có th? tr?i nghi?m nh?ng d?ch v? ti?n ích vô cùng ??ng c?p ? ?ây.;13;;10.796698332204864;106.67324524372471;TP. HCM;Eastin Grand Saigon Hotel;Eastin Grand Saigon Hotel ch? cách sân bay Tân S?n Nh?t ch?a t?i 10 phút di chuy?n nên r?t thu?n ti?n ?? b?n t? ch?c du l?ch Mice cho nhi?u khách ph?i di chuy?n b?ng máy bay. Khách s?n Eastin Grand Saigon phù h?p v?i các bu?i s? ki?n sang tr?ng, cùng d?ch v? 5 sao ??ng c?p ?áp ?ng m?i nhu c?u c?a b?n.;14;;10.764328417596506;106.69167169792456;TP. HCM;Pullman Saigon Hotel;Pullman Saigon s? h?u không gian thoáng mát, r?ng l?n v?i di?n tích kho?ng 700 m?, phù h?p ?? t? ch?c nhi?u lo?i hình s? ki?n c?a b?n, ??c bi?t là du l?ch Mice h?i th?o h?i ngh?. Các phòng h?i ngh? n?i ?ây ??u ???c trang b? tivi màn hình r?ng LCD, wifi k?t n?i t?c ?? cao ??m b?o s? ki?n c?a b?n di?n ra thành công nh?t.;15;;10.987025987319397;106.66478631625205;Bình D??ng;The Mira;Khách s?n The Mira n?m t?i trung tâm thành ph? Th? D?u M?t, là trung tâm t? ch?c h?i ngh? t?nh 5 sao ??u tiên t?i Bình D??ng v?i h? th?ng d?ch v? ?a d?ng. Các s?nh h?i ngh? t?i ?ây ???c trang b? hi?n ??i, phù h?p cho các s? ki?n cao c?p v?i s?c ch?a lên ??n 1.000 ng??i. Bên c?nh ?ó, khách s?n còn cung c?p các phòng ngh? ti?n nghi, nhà hàng ?m th?c ?a d?ng, và các ti?n ích gi?i trí nh? h? b?i, spa. ;16;;10.978075465383354;106.65524063856006;Bình D??ng;Gold Star Restaurant;Trung tâm H?i ngh? - Nhà hàng – Khách s?n Gold Star t?a l?c t?i trung tâm Thành ph? Th? D?u M?t, là m?t trong nh?ng ??a ?i?m l? t??ng ?? qu? khách có th? d?ng chân l?u trú và ngh? d??ng. Trung tâm h?i ngh? v?i s?c ch?a lên ??n 1200 khách s? là m?t ??a ?i?m thích h?p cho qu? khách t? ch?c các bu?i giao l?u, h?i ngh?, tri?n lãm…;17;;10.343952897456232;107.09496979119663;V?ng Tàu;The IMPERIAL Hotel;Mang phong cách tây Âu c? ?i?n h?i h??ng th?i Victoria, The Imperial Hotel s? h?u nhi?u không gian h?i ngh? t? 100 ??n 1000 khách, v?i s? l??ng s?nh và phòng lên ??n 2 s?nh l?n (có th? g?p l?i thành ??i s?nh) và 4 phòng h?i h?p l?y c?m h?ng t? các cung ?i?n hoàng gia n?i ti?ng Buckingham, Windsor, Balmoral, Rochester cùng v?i 1 khu Pre-funtion ph?c v? cho các bu?i chào ?ón và gi?i lao.;18;;10.347594798864469;107.09502516394096;V?ng Tàu;Malibu Hotel;Khách s?n Malibu Hotel V?ng Tàu ngoài vi?c cung c?p d?ch v? l?u trú, ngh? d??ng thì ?ây c?ng là ??a ?i?m t? ch?c s? ki?n ?áng tin c?y ngay t?i V?ng Tàu. Thi?t k? t?i Malibu Hotel theo h??ng châu Âu hi?n ??i v?i tông màu trung tính k?t h?p hoàng kim và ???ng nét sang tr?ng. V?i t?ng s? phòng h?i ngh? bao g?m 7 phòng l?n và m?t vài phòng VIP có th? cung c?p s?c ch?a t?i ?a t? 200-450 khách. M?i phòng ??u ???c trang b? micro, máy chi?u, màn LED cùng v?i h? th?ng âm thanh ánh sáng chuyên nghi?p, Malibu Hotel thích h?p cho h?i th?o, h?p báo, s? ki?n gia ?ình, sinh nh?t cao c?p.;19;;10.352402192966784;107.10142320656523;V?ng Tàu;Vias Hotel;Vias Hotel V?ng Tàu là l?a ch?n l? t??ng t?i thành ph? bi?n cho các s? ki?n doanh nghi?p, h?i th?o, ti?c tùng hay l? k? ni?m quy mô t? nh? ??n l?n. Khách s?n mang ??n h? th?ng không gian h?i ngh? – s? ki?n hi?n ??i, sang tr?ng, cùng ??i ng? t? ch?c chuyên nghi?p s?n sàng h? tr? tr?n gói cho t?ng yêu c?u c? th?. N?i b?t trong ?ó là Grand Ballroom – s?nh ti?c có ki?n trúc vòm ??c ?áo v?i di?n tích 640?m?, s?c ch?a lên ??n 500 khách. ?ây là ??a ?i?m phù h?p cho các bu?i gala, h?i ngh? c?p cao ho?c s? ki?n c?n không gian sang tr?ng và b? trí linh ho?t.;20;;10.343018331624483;107.07590143620054;V?ng Tàu;Palace Hotel V?ng Tàu;Khách s?n Grand Palace V?ng Tàu ???c bi?t ??n nh? m?t trong nh?ng ??a ?i?m t? ch?c s? ki?n uy tín và ??ng c?p b?c nh?t t?i thành ph? bi?n. T? các bu?i h?p m?t quy mô nh? ??n các ch??ng trình l?n v?i s? tham gia c?a hàng tr?m khách m?i, n?i ?ây luôn là l?a ch?n hàng ??u c?a nhi?u ??i tác và doanh nghi?p. ?i?m n?i b?t c?a Grand Palace chính là s? phong phú v? không gian t? ch?c – t? các khu v?c trong nhà sang tr?ng ??n không gian ngoài tr?i thoáng ?ãng, mang l?i nhi?u ph??ng án linh ho?t và sáng t?o ?? ?áp ?ng t?ng yêu c?u c? th? c?a khách hàng.;21;;10.3496457440511;107.09461589245535;V?ng Tàu;DIC Star Landmark;Khách s?n 4 sao m?i, n?i b?t v?i phòng h?i ngh? trang nhã, s?c ch?a 300 – 500 khách, ?i cùng v?i ?ó là cách bài trí n?i th?t m?i m?, không gian r?ng rãi là nh?ng ?i?m m?nh c?a DIC Star Landmark ?em ??n. M?i phòng t? ch?c h?i ngh? ??u ???c trang thi?t b? ??y ?? âm thanh, LED, livestream.;22;;10.34363847045157;107.07518597722122;V?ng Tàu;Grand Hotel;Khách s?n Grand có v? trí ??i di?n công viên Bãi Tr??c, n?m trung tâm V?ng Tàu. Nh? ?ó t?o ?i?u ki?n thu?n l?i cho vi?c di chuy?n trong thành ph?. Grand Hotel c?ng là khách s?n V?ng Tàu ???c nhi?u ng??i l?a ch?n làm n?i t? ch?c các bu?i h?p, h?i th?o, t?a ?àm,...;23;;10.487762567512164;107.45383722389163;V?ng Tàu; The Grand H? Tràm;The Grand H? Tràm là m?t khu ngh? d??ng – gi?i trí ph?c h?p ven bi?n có quy mô l?n hàng ??u khu v?c phía Nam Vi?t Nam. V?i t?ng di?n tích lên ??n 164ha, d? án h?i t? ??y ?? các ti?n ích 5 sao t? khách s?n, casino, sân golf, condotel, bi?t th? ??n công viên n??c và khu h?i ngh?. ;24;;10.33226362357661;107.08894441560791;V?ng Tàu;Premier Pearl Hotel;Premier Hotel có v? trí l? t??ng cùng t?m nhìn bao quát c?nh bi?n V?ng Tàu. ??c bi?t t?i khách s?n có d?ch v? v? H?i ngh? & S? ki?n vô cùng cao c?p th?a mãn ???c nh?ng khách hàng khó tính nh?t. N?u b?n mu?n tìm khách s?n V?ng Tàu ?? làm ??a ?i?m cho các ch??ng trình h?i ngh?, h?i th?o cao c?p thì không th? b? l? Premier Hotel. Không gian phòng h?p sang tr?ng, r?ng ??n 1500m2 và còn có t?m nhìn h??ng bi?n. Các phòng h?i ngh? ???c trang b? ??y ?? v? thi?t b? âm thanh, ánh sáng, internet t?c ?? cao, màn hình chi?u.;25;Tri?n lãm;10.85593895924816;106.62801223352812;TP. HCM;"Trung Tâm Tri?n Lãm H?i Ngh? Qu?c T? 
Sky Expo Viet Nam";SKY EXPO ?ã t? ch?c thành công hàng tr?m s? ki?n trong nhi?u n?m qua, bao g?m các h?i ch?, tri?n lãm nh?m gi?i thi?u, qu?ng bá s?n ph?m và hình ?nh c?a các doanh nghi?p. ?ây không ch? là n?i ?? giao l?u, k?t n?i kinh doanh mà còn là n?i ?? tr?i nghi?m nh?ng s? ki?n v?n hóa, gi?i trí ?a d?ng và phong phú.;H?i ngh? và Tri?n lãm26;;10.795638354029368;106.65481193022809;TP. HCM;Trung tâm Tri?n lãm và H?i ch? Tân Bình TBECC;??a ?i?m quen thu?c v?i các h?i ch? tiêu dùng và tri?n lãm quy mô v?a. ?u ?i?m l?n nh?t c?a trung tâm này là v? trí n?m g?n sân bay Tân S?n Nh?t và các khu dân c? ?ông ?úc. TBECC th??ng là l?a ch?n t?i ?u cho nh?ng s? ki?n h??ng t?i ??i t??ng khách hàng ??i chúng và các h?i ch? th??ng m?i ??a ph??ng.;27;;11.05420394139157;106.6822499462512;Bình D??ng;Trung tâm H?i ngh? và Tri?n lãm t?nh Bình D??ng (BCEC);BCEC là m?t trong nh?ng trung tâm h?i ngh? hi?n ??i nh?t t?i Bình D??ng, n?m trong khu v?c Thành ph? M?i. Trung tâm có h?i tr??ng l?n v?i s?c ch?a 1.400 ng??i, cùng v?i 6 phòng h?p linh ho?t, ???c trang b? công ngh? trình chi?u và âm thanh tiên ti?n. V?i v? trí thu?n l?i g?n Trung tâm Hành chính t?nh và h? th?ng giao thông k?t n?i t?t, BCEC là ??a ?i?m l? t??ng ?? t? ch?c h?i ngh?, tri?n lãm, và các s? ki?n qu?c t?.;28;Khu du l?ch/ Di tích/ Công viên;10.48951628321252;106.79601575311732;TP. HCM;Khu du l?ch sinh thái Vàm Sát - C?n Gi? (h??ng t?i là khu du l?ch Qu?c Gia);"Khu du l?ch sinh thái Vàm Sát là m?t ??a ?i?m l? t??ng ?? t? ch?c c?m tr?i hay sinh ho?t dã ngo?i. N?i ?ây cách không quá xa trung tâm TP. HCM nh?ng l?i cách bi?t v?i ???ng l?n, phù h?p ?? t? ch?c các trò ch?i l?n nh? gi?i m?t th? hay h?i tr?i gi?a r?ng. 
Vàm Sát còn có nhà hàng và khu l?u trú theo hình th?c Farm Stay, ??m b?o ??y ?? nhu c?u cho hàng tr?m tr?i sinh. Dù là d?ch v? c?m tr?i trong r?ng nh?ng nhà hàng c?a khu du l?ch Vàm Sát luôn ??t tiêu chu?n an toàn v? sinh th?c ph?m lên hàng ??u v?i các nguyên v?t li?u “cây nhà lá v??n” ???c ch? bi?n s?ch s?.
Bên ngay ngã ba sông Vàm Sát, khu du l?ch Vàm Sát là n?i l? t??ng ?? t? ch?c teambuilding v?i h? n??c m?n t? nhiên xinh ??p và khu ??t tr?i r?ng l?n, phù h?p các trò ch?i v?n ??ng “b?ng r?ng l?i su?i”.";??nh h??ng phát tri?n khu du l?ch29;;11.130275217270674;106.50282993059122;TP. HCM;Khu du l?ch “M?t thoáng Vi?t Nam”;Khu du l?ch ” M?t Thoáng Vi?t Nam” là qu?n th? làng th? công truy?n th?ng t?i Thành ph? H? Chí Minh. Khu du l?ch ???c m?nh danh là không gian v?n hóa thu nh? c?a Vi?t Nam chính b?i s? ?a d?ng và ??c bi?t v? v?n hóa, l?ch s? c?a nó. N?i ?ây còn có các làng ngh? truy?n th?ng c?a Vi?t Nam nh?: ?an lát mây tre, d?t t? l?a, th? c?m, g?m s?, thêu ren, m?c, làm gi?y gió, tr?ng lúa n??c, in kh?c tranh,… Nhìn chung, ?ây là m?t khu du l?ch ?áng ?? du khách ??n tham quan và tr?i nghi?m.;30;;10.768799294196564;106.6361062207994;TP. HCM;Công viên V?n hóa ??m Sen;Là m?t trong nh?ng khu vui ch?i, gi?i trí v?i quy mô l?n nh?t t?i Sài Gòn to? l?c t?i: Qu?n 11 – TP.HCM v?i di?n tích kho?n 50ha. N?m 1976 chính quy?n Thành Ph? ?ã huy ??ng s?c dân, c?i t?o m?t b?ng và xây d?ng công viên v?n hoá ??m Sen và tr? thành m?t trong nh?ng khu du l?ch l?n và ??c s?c nh?t TP.H? Chí Minh. Ki?n trúc ???c k?t h?p m?t cách hoàn m? n?n v?n hóa ?ông-Tây và m?t chút v? ??p th?i La Mã. Ngoài nh?ng khu vui ch?i, ??m Sen còn có nh?ng nhà hàng, khách s?n và hàng ch?c các lo?i hình khác ?? ph?c v? khách du l?ch. ??m Sen là n?i vui ch?i gi?i trí r?t h?p d?n cho ng??i trong và ngoài n??c.;31;;11.141584828076748;106.46159452493451;TP. HCM;Khu di tích l?ch s? ??a ??o C? Chi;??a ??o C? Chi là di tích l?ch s? cách m?ng n?i ti?ng, là m?t công trình ??c ?áo v?i h? th?ng ???ng h?m n?m sâu trong lòng ??t, nhi?u t?ng, nhi?u ngõ ngách nh? m?ng nh?n, dài trên 200km, trong ?ó bao g?m n?i ?n ?, h?i h?p, chi?n ??u... ??a ??o C? Chi th? hi?n ? chí kiên c??ng, trí thông minh, ni?m t? hào c?a ng??i dân C? Chi, là bi?u t??ng c?a ch? ngh?a anh hùng cách m?ng c?a dân t?c Vi?t Nam.;32;;10.887875222434232;106.81961248197396;TP. HCM;Công viên l?ch s? v?n hóa - dân t?c (công viên chuyên ??, du l?ch sinh thái, tôn giáo);Công viên L?ch s? V?n hoá Dân t?c n?m ? v? trí vô cùng ??c ??a. Toàn b? công viên có di?n tích h?n 400ha. Công viên ???c n?m trong danh sách nh?ng d? án v?n hoá - l?ch s? mang tính quy mô và ? ngh?a b?c nh?t c?a TP.HCM. ?ây không ch? là ?i?m ??n du l?ch Sài Gòn vào d?p cu?i tu?n mà còn là n?i giáo d?c truy?n th?ng, tôn vinh nh?ng giá tr? l?ch s?, v?n hoá Vi?t Nam.;33;;10.78733276565671;106.70505498713831;TP. HCM;Th?o C?m viên Sài Gòn;Th?o C?m Viên Sài Gòn là m?t trong nh?ng v??n thú lâu ??i nh?t ?ông Nam Á, ???c thành l?p t? n?m 1864. N?i ?ây không ch? là ?i?m vui ch?i gi?i trí xanh gi?a lòng thành ph? H? Chí Minh mà còn là trung tâm b?o t?n và giáo d?c v? ??ng – th?c v?t qu? hi?m.;34;;10.798727432105318;106.71656023922557;TP. HCM;Khu du l?ch V?n Thánh;N?m ngay trên tr?c ???ng ?i?n Biên Ph?, Khu du l?ch V?n Thánh là ?i?m tham quan, vui ch?i n?i ti?ng c?a Sài thành, và ch? cách khu v?c trung tâm Qu?n 1 t?m ch?ng 2km. Khu du l?ch ???c thành l?p vào n?m 1985 nh?m ph?c v? nhu c?u vui ch?i c?a ng??i dân, và ???c xây d?ng trên kho?ng ??t có quy mô 7.7 ha, chia thành nhi?u khu v?c, bao g?m: h? n??c, bãi c? picnic, sân bóng ?á, b?n thuy?n, v.v.;35;;10.866227743078465;106.80315267873605;TP. HCM;Công viên v?n hóa Su?i Tiên;N?m trên m?t ??a bàn r?ng l?n thu?c qu?n 9, cách trung tâm TP. H? Chí Minh ch?ng h?n 16km và v?i 150 công trình tham quan gi?i trí, Su?i Tiên hàng n?m thu hút hàng tri?u du khách ??n tham quan. ? ?ây, h?u nh? có ??y ?? nh?ng k? tích v?n hóa, l?ch s? t? th?i xa x?a ??n nh?ng sân ch?i thiên nhiên hi?n ??i, t?o cho chúng ta c?m giác vô cùng tho?i mái sau nh?ng gi? phút lao ??ng m?t nh?c… ;36;;10.829499399933434;106.73917988139769;TP. HCM;Khu du l?ch Bình Qu?i 1;Giáp sông Sài Gòn v? phía ?ông b?c.Di?n tích r?ng trên 3ha, khung c?nh thiên nhiên thoáng mát v?i hàng d?a, v??n cây, th?m c?, ao cá.Khu du l?ch Bình Q??i 1 ???c ng??i dân thành ph? bi?t ??n nh? m?t làng quê yên t?nh ?? ngh? ng?i, sinh ho?t và th??ng th?c món ?n, th?c u?ng theo phong cách Nam B? tr? thành ?i?m ??n l? t??ng c?a du l?ch TP. HCM.;Làng du l?ch Bình Qu?i37;;10.832505829323063;106.74288796276888;TP. HCM;Khu du l?ch Bình Qu?i 2;Khu du l?ch Bình Qu?i 2 là m?t ?i?m ??n l? t??ng cho nh?ng ai mu?n tìm ki?m không gian th? giãn, hòa mình vào thiên nhiên và tr?i nghi?m ?m th?c ??c tr?ng mi?n Nam. Không ch? v?y, khu du l?ch này còn thu hút du khách v?i nhi?u ho?t ??ng gi?i trí phong phú, ?a d?ng. ;38;;10.82073251944676;106.72719986195474;TP. HCM;Khu du l?ch Bình Qu?i 3 (hay còn g?i là Quán X?a);Bình Qu?i 3, hay còn g?i là Quán X?a, là ?i?m ??n l? t??ng cho nh?ng ai tìm ki?m s? bình yên và th? thái gi?a lòng thành ph?. Khác v?i Bình Qu?i 1 và 2, khu du l?ch Bình Qu?i 3 mang ??m phong cách c? kính, bình d? và g?n g?i. ?ây c?ng là ??a ?i?m th??ng xuyên ???c l?a ch?n ?? t? ch?c h?i ngh?, liên hoan, ti?c sinh nh?t ho?c các bu?i g?p g? quan tr?ng.;39;;10.359766769035268;107.06933406263565;V?ng Tàu;Khu du l?ch H? Mây;T?a l?c trên ??nh Núi L?n ? ?? cao h?n 250 mét so v?i m?c n??c bi?n, H? Mây Park V?ng Tàu ???c ví nh? “?c ??o xanh” gi?a lòng thành ph? bi?n sôi ??ng. N?i ?ây là ?i?m d?ng chân l? t??ng dành cho nh?ng ai mu?n tìm ki?m s? k?t h?p tr?n v?n gi?a thiên nhiên hùng v? và không gian ngh? d??ng hi?n ??i, n?i b?n có th? ??t vali xu?ng và ?? tâm h?n ???c th? l?ng gi?a mây tr?i.;40;;10.369105521180996;107.12031476634944;V?ng Tàu;Khu du l?ch Chí Linh;Khu du l?ch Chí Linh V?ng Tàu khá quen thu?c v?i ng??i dân ??a ph??ng c?ng nh? khách du l?ch xa g?n ghé th?m V?ng Tàu. Mang v? ??p hoang s?, lãng m?n vì ??c ?i?m bi?t l?p sát b? bi?n và ng?n ??i to l?n khi?n n?i ?ây s? h?u phong c?nh thiên nhiên h?u tình, không khí mát m?.;41;;10.387368581200468;107.23250021694423;V?ng Tàu;Khu du l?ch bi?n Long H?i;N?m cách trung tâm TP. V?ng Tàu không xa, bãi bi?n Long H?i n?i b?t v?i nét hoang s?, c?nh s?c h?u tình và b?u không khí trong lành. V?i b? bi?n dài kho?ng 3km, n??c bi?n trong xanh quanh n?m và các bãi ?á t? nhiên sinh ??ng, bi?n Long H?i V?ng Tàu là ?i?m ??n l? t??ng cho nh?ng chuy?n ngh? d??ng ng?n ngày hay cu?i tu?n. Không ch? là n?i th? giãn, Long H?i còn thu hút du khách v?i các ho?t ??ng bi?n phong phú và tr?i nghi?m v?n hóa ??c ?áo c?a làng chài ven bi?n.;42;;10.418357129819737;107.28773348033877;V?ng Tàu;Khu du l?ch bi?n Ph??c H?i;"Bi?n Ph??c H?i n?m cách trung tâm V?ng Tàu ch? kho?ng 16km theo t?nh l? 44, nên t? xa b?n ?ã có th? chiêm ng??ng b? cát vàng t??i tr?i dài và làn n??c bi?n xanh trong mát lành vô cùng th? m?ng. N?i ?ây ?ã làm say ??m và “h? g?c"" bi?t bao con tim l? khách ph?i xao xuy?n, không ch? b?i v? ??p bình d? ??n l? th??ng, mà còn h?p d?n b?ng nh?ng ho?t ??ng tr?i nghi?m, khám phá ??c tr?ng c?a ??a ph??ng mà ch? riêng c?a bi?n Ph??c H?i m?i có.";43;;10.470375401048395;107.43575935067156;V?ng Tàu;Khu du l?ch H? Tràm;"H? Tràm V?ng Tàu là khu v?c bãi bi?n n?i gi?a xã Bình Châu và th? tr?n Long H?i, huy?n Xuyên M?c, Bà R?a - V?ng Tàu. H? Tràm n?m cách trung tâm TPHCM ch? 125km v? h??ng ?ông Nam, vùng bi?n n?i ?ây còn khá hoang s?, v?n gi? ???c nét m?c m?c t? nhiên chính vì th? nên ???c r?t nhi?u ng??i l?a ch?n ??n và ngh? d??ng. 
Vùng bi?n n?i ?ây khá yên t?nh nên s? phù h?p cho vi?c ngh? d??ng, “chill” cùng b?n bè hay gia ?ình, ngoài ra “s?ng ?o” ch?c ch?n là ?i?u không th? thi?u do bi?n H? Tràm r?t ??p.";44;;10.49944851920166;107.47766855815858;V?ng Tàu;Khu du l?ch Bi?n H? C?c;Bi?n H? C?c là vùng bi?n n?m ? huy?n Xuyên M?c, t?nh Bà R?a - V?ng Tàu, cách thành ph? du l?ch Sài Gòn kho?ng 125km v? phía ?ông Nam, t??ng ???ng 2 ti?ng lái xe. Bi?n H? C?c có di?n tích kho?ng 11 nghìn hecta, tùy không l?n nh? nhi?u bãi bi?n khác nh?ng l?i s? h?u v? ??p không trùng l?p v?i b?t k? bãi bi?n nào. Khác v?i không khí náo nhi?t thông th??ng c?a m?t bãi bi?n nh?n nh?p, bi?n H? C?c là n?i trú ng? c?a nh?ng du khách yêu thích s? yên bình ch? có sóng bi?n và nh?ng hàng phi lao ?ang chuy?n ??ng và ti?ng rì rào c?a sóng bi?n, ti?ng rít c?a gió bi?n nhè nh?.;45;;10.601208751420492;107.55924452983847;V?ng Tàu;Khu du l?ch su?i n??c nóng Bình Châu;Su?i n??c nóng Bình Châu t?a l?c t?i Khu ngh? d??ng Khoáng Nóng Thiên Nhiên Bình Châu (Minera Hot Springs Binh Chau) chu?n 4 sao, ???c T? ch?c Du l?ch th? gi?i ??a vào danh m?c 65 ?i?m phát tri?n du l?ch sinh thái b?n v?ng trên toàn c?u. N?i ?ây ch? cách TP. H? Chí Minh kho?ng 2,5 ti?ng di chuy?n và cách bi?n 15 phút, mang ??n cho b?n tr?i nghi?m tái n?p n?ng l??ng toàn di?n v?i ngu?n khoáng t? nhiên duy nh?t t?i mi?n Nam.;46;;8.700278651013106;106.59633446278869;V?ng Tàu;V??n Qu?c gia Côn ??o;V??n qu?c gia Côn ??o n?m trong h? th?ng r?ng ??c d?ng c?a Vi?t Nam, thu?c huy?n Côn ??o, t?nh Bà R?a - V?ng Tàu. VQG Côn ??o thu?c qu?n ??o Côn ??o và n?m cách c?a sông H?u (C?n Th?) kho?ng 83km, cách TP. V?ng Tàu kho?ng 185km và cách TP. H? Chí Minh kho?ng 250km. Qu?n ??o Côn ??o hi?n có 16 ??o nh?, l?n nh?t là ??o Côn S?n và VQG Côn ??o c?ng t?a l?c t?i ?ây. ??o Côn S?n chính là ?i?m ??n du l?ch n?i ti?ng ???c r?t nhi?u du khách ghé th?m.;47;;11.3237802904413;106.34751512144102;V?ng Tàu;?i?m tham quan h? D?u Ti?ng;"H? D?u Ti?ng n?m tr?i dài trên ??a bàn TP.HCM (Bình D??ng c?), ??ng Nai (Bình Ph??c c?) và Tây Ninh, trong ?ó ph?n l?n di?n tích thu?c t?nh Tây Ninh. ?ây là h? n??c nhân t?o l?n nh?t Vi?t Nam, v?i di?n tích m?t n??c r?ng t?i 27 km?, dung tích ch?a ??t 1.58 t? m? n??c, h? ?óng vai trò quan tr?ng trong vi?c ?i?u ph?i ngu?n n??c cho sông Sài Gòn. 
H? D?u Ti?ng là công trình th?y l?i tr?ng ?i?m, ??ng th?i là lá ph?i xanh c?a khu v?c ?ông Nam B?. Bao quanh h? là r?ng cây xanh mát, nh?ng bãi c? tr?i dài, m? ra không gian thiên nhiên thoáng ?ãng, thích h?p ?? k?t h?p picnic cu?i tu?n ho?c ngh? d??ng nh? nhàng.";??nh h??ng phát tri?n h? th?ng du l?ch48;;10.377311757925703;106.89116303252305;TP. HCM;Ph??ng Nam Resort C?n Gi?;???c xây d?ng hoàn thi?n t? n?m 2010 v?i tiêu chu?n 3 sao, khu ngh? d??ng có ??y ?? các ti?n nghi hi?n ??i, l?i ???c tr?i phú cho c?nh s?c thiên nhiên nên Resort Ph??ng Nam C?n Gi? ?ã tr? thành ?i?m ??n c?a r?t nhi?u du khách khi du l?ch C?n Gi?. Resort có t?t c? 58 phòng ngh?, trong ?ó có 27 phòng cao c?p và 2 phòng cho khách ??c bi?t. Ch?a h?t, n?i ?ây còn có thêm 20 phòng Double cho các gia ?ình Vi?t theo phong cách truy?n th?ng.;49;;11.19015646732948;106.9166734697158;Bình D??ng;Khu Du l?ch M?t Xanh;??n v?i Khu du l?ch M?t Xanh, b?n ch?c ch?n s? b?t ng? v? c?nh quan b?t ngàn m?t màu xanh c?a n?i ?ây. V?i t?ng di?n tích lên ??n 60ha, khu du l?ch có ??y ?? t?t c? nh?ng gì mà b?n trông ??i ? m?t thiên ???ng ngh? d??ng. N?i ?ây s? h?u th?m th?c v?t vô cùng phong phú, xanh t??i su?t b?n mùa. Cùng v?i ?ó là không khí yên t?nh, b?n có th? nghe rõ t?ng ti?ng chim líu lo trên cành, ti?ng ?ch kêu v?ng lên t? m?t h? ph?ng l?ng.;50;;11.248983859311972;106.86896903688087;Bình D??ng;Du l?ch sinh thái Hàm Tam ??ng;Khu du l?ch sinh thái Hàn Tam ??ng n?m khu?t mình trên ??a ph?n m?t ?p nh? thu?c huy?n Tân Uyên. N?i ?ây cách khá xa trung tâm thành ph? nên g?n nh? hoàn toàn tách bi?t v?i nh?p s?ng b?n b?, v?i khói b?i và s? ?n ã ph? th?. Tuy nhiên c?ng nh? v?y mà Hàn Tam ??ng s? h?u cho mình m?t không gian r?t thanh bình, êm ?, thiên nhiên t??i mát, là ??a ?i?m ngh? d??ng r?t l? t??ng ?? b?n th? l?ng b?n thân sau chu?i ngày h?c t?p, làm vi?c v?t v?.;51;;11.06229018837336;106.52909281853917;TP. HCM;??a ??o B?n ?ình;??a ??o B?n ?ình là m?t ph?n c?a h? th?ng ??a ??o C? Chi n?i ti?ng, n?m cách trung tâm thành ph? H? Chí Minh kho?ng 50km v? phía Tây B?c. ?ây là m?t trong nh?ng ??a ??o l?n nh?t và ph?c t?p nh?t trong cu?c chi?n tranh Vi?t Nam v?i di?n tích 17ha, do quân và dân C? Chi ?ào xây d?ng và phát tri?n t? th?i kháng chi?n ch?ng Pháp cho ??n chi?n tranh Vi?t Nam. V?i h? th?ng h?m r?ng g?n 250km, bao g?m nhi?u t?ng và ngách khác nhau, ??a ??o B?n ?ình là m?t ?i?m ??n không th? b? qua cho nh?ng ai mu?n tìm hi?u v? l?ch s? chi?n tranh và k? thu?t quân s? c?a Vi?t Nam khi du l?ch Sài Gòn.;52;;11.409026365268378;106.42357821027754;Bình D??ng;Khu Du L?ch Sinh Thái ??t Champa;"N?i ?ây ???c xây d?ng tr? thành ?i?m du l?ch sinh thái, ngh? d??ng ???c r?t nhi?u ng??i yêu thích. Khuôn viên khu du l?ch bao g?m các h?ng m?c: Nhà th? h? H?, khu v?c H? B?i, v??n cây v.v. Các công trình t?i ?ây ???c xây d?ng theo phong cách ??c tr?ng c?a ki?n trúc truy?n th?ng Vi?t Nam t? nh?ng lo?i g? qu? hi?m nên r?t b?t m?t.
Bên c?nh ?ó, khu du l?ch ??t Champa còn xây d?ng khu tr?ng bày bao g?m nh?ng s?n ph?m ?iêu kh?c t? g? qu?; phòng tr?ng bày t?t các huy ch??ng, danh hi?u cao qu? mà ông H? V?n Ng?ng là ch? ??u t? khu du l?ch ?ã nh?n ???c. Khi l?a ch?n ??n v?i Khu du l?ch sinh thái ? Bình D??ng ??t Champa, b?n s? tha h? hòa mình vào không gian yên t?nh cùng không khí vô cùng trong lành t?i ?ây.";53;;11.346199216903337;106.36698190809017;Bình D??ng;Núi C?u;"Qu?n th? núi C?u thu?c ??a ph?n ?p Tha La, xã ??nh Thành, huy?n D?u Ti?ng, t?nh Bình D??ng, sát bên b? h? D?u Ti?ng. Tr??c khi phân chia l?i ??a gi?i hành chính, c?m núi này v?n d? n?m ? t?nh Tây Ninh nên v?n ???c dân b?n ??a quen g?i b?ng cái tên thân th??ng – núi C?u Tây Ninh.
Hi?n nay, núi C?u cách ranh gi?i ??t li?n Tây Ninh – Bình D??ng kho?ng 10km v? h??ng ?ông B?c. Do ?ó, ?ây là ??a ?i?m du l?ch n?i ti?ng không ch? t?i t?nh nhà mà còn v?i nhi?u du khách trên hành trình ghé th?m vùng ??t “Thánh”.";54;;11.333305594701905;106.35986889282368;Bình D??ng;Su?i Trúc;Su?i Trúc n?m trên ng?n núi cao nh?t c?a c?m núi C?u, t?a l?c t?i xã ??nh Thành, huy?n D?u Ti?ng, t?nh Bình D??ng. Con su?i trong mát quanh n?m này còn ???c bi?t ??n v?i tên g?i su?i Tiên, su?i trúc D?u Ti?ng (do n?m c?nh h? D?u Ti?ng) hay su?i Trúc Tây Ninh vì n?m sát bên t?nh Tây Ninh. T? Sài Gòn ??n ?ây, kho?ng cách chi t?m 85km (t??ng ???ng kho?ng 2 ti?ng di chuy?n). Vì v?y, t? lâu n?i ?ây ?ã tr? thành ?i?m dã ngo?i yêu thích c?a các tín ?? “xê d?ch” và ?i?m ??n h?p d?n trên hành trình khám phá Tây Ninh. Check-in r?ng trúc, t?m su?i mát lành, c?m tr?i trên bãi ?á… ch?c ch?n s? là nh?ng d?u ?n khó phai trong chuy?n ?i c?a b?n.;55;;11.041395346229642;106.63078779599375;Bình D??ng;Khu du l?ch ??i Nam V?n Hi?n;"KDL L?c C?nh ??i Nam V?n Hi?n, còn g?i là ??i Nam Du l?ch Th?n tiên t?a l?c t?i TP. Th? D?u M?t t?nh Bình D??ng, cách TP.HCM kho?ng 40km, là ?i?m ??n ?a thích c?a nhi?u du khách trong và ngoài n??c trong su?t nhi?u n?m qua.
V?i di?n tích h?n 261ha, ???c chia làm 4 khu v?c chính: Khu Tâm linh v?i công trình n?i b?c là Kim ?i?n giác vàng; khu gi?i trí sôi ??ng v?i h?n 40 trò ch?i hi?n ??i phù h?p v?i m?i l?a tu?i; khu Bi?n nhân t?o h?p d?n cùng nhi?u trò ch?i d??i n??c m?i l?; khu V??n thú v?i nhi?u loài thú qu? hi?m ???c nuôi d??ng và b?o t?n trong không gian m?, thân thi?n v?i con ng??i. Ngoài ra KLD còn có các công trình ph? tr? nh? nhà hàng, khách s?n sang tr?ng ?? ph?c v? các du khách ? xa có nhu c?u vui ch?i k?t h?p ngh? d??ng dài ngày t?i ?ây. ";56;;11.048870311196344;106.67410392493873;Bình D??ng;Công viên Thành ph? m?i Bình D??ng;Công viên thành ph? m?i Bình D??ng ???c m?nh danh là lá ph?i c?a thành ph? khi có v? trí ??c ??a, thu?c ph??ng Phú M?, ngay khu v?c trung tâm thành ph?. Công trình này ?ã ???c kh?i công xây d?ng t? n?m 2009, theo mô hình công viên tiêu chu?n Singapore. N?i ?ây ?ã tr? thành ?i?m ??n  l? t??ng ? Bình D??ng ?? vui ch?i, gi?i trí, dã ngo?i h?p d?n không ch? c?a Bình D??ng mà còn thu hút r?t ?ông b?n tr? t? TPHCM, V?ng Tàu, Long An ghé ??n m?i d?p cu?i tu?n.;57;;10.98897859090521;106.6629722147438;Bình D??ng;Công viên n??c Thanh L?;Công viên n??c Thanh L? Bình D??ng có t?ng di?n tích 14.2ha bao g?m khu v?c sân bãi r?ng v?i 5000m2, h? b?i, khu v?c nhà hàng, ti?c c??i, bãi g?i xe... Công viên n??c n?i ti?ng ? Bình D??ng, các b?n s? t?n h??ng không khí trong lành và nhi?u ho?t ??ng vui ch?i gi?i trí h?p d?n.;58;;10.978029011755416;106.66133951631994;TP. HCM;Trung tâm Xúc ti?n Du l?ch Thành ph? H? Chí Minh;"Trung tâm Xúc ti?n Du l?ch TP. H? Chí Minh là ??n v? s? nghi?p có thu tr?c thu?c S? VHTTDL; có t? cách pháp nhân, có d?u riêng, ???c m? tài kho?n t?i Kho b?c Nhà n??c và Ngân hàng theo quy ??nh.";59;;10.895458166213295;106.69558984916775;Bình D??ng;B?n ?ình Phú Long;?ình Phú Long (khu ph? Hòa Long, ph??ng Lái Thiêu, tha?nh phô? Thu?n An) ???c ban s?c phong vào n?m T? ??c th? 5 và ???c công nh?n là Di tích L?ch s? - V?n hóa c?p qu?c gia n?m 2001. Tr?i qua gâ?n 200 n?m, dù ?ã qua nhi?u l?n trùng tu nh?ng ki?n trúc và nh?ng hi?n v?t có giá tr? còn l?u gi? t?i ?ình. ?ây ?ang là ??a ch? thu hút nhi?u du khách ??n tham quan, tìm hi?u.;60;;10.921943655172578;106.68587153953777;Bình D??ng;Du l?ch xanh Dìn K? Lái Thiêu;Khu du l?ch Dìn K? Lái Thiêu n?m ngay ? Qu?c l? 13 c?a th? xã Thu?n An, ven sông Sài Gòn. N?i ?ây có di?n tích lên ??n h?n 3 hecta và là m?t trong nh?ng khu du l?ch mang ??m phong cách x?a c?a Vi?t Nam v?i l?y tre xanh, v??n cây, c?ng ?ình. Khu du l?ch Dìn K? Lái Thiêu ???c thành l?p vào n?m 1995. ??n nay, n?i ?ây ?ã s? h?u h? th?ng nhà hàng d?c ven sông, khách s?n, h? b?i, khu gi?i trí tr? em… ;61;;10.871017134481521;106.69914528134238;Bình D??ng;An Lâm Sài Gòn River;An Lam Retreats Saigon River là m?t trong nh?ng n?i ngh? d??ng n?i ti?ng ven sông Sài Gòn, thu?c ph??ng V?nh Phú, thành ph? Thu?n An, t?nh Bình D??ng. An Lâm Retreats Saigon River mang ??n cho du khách m?t không gian ngh? d??ng riêng t?, hòa mình vào thiên nhiên bên sông Sài Gòn. Ch? cách trung tâm TP. H? Chí Minh 25 phút ?i tàu ho?c 30 phút ?i ô tô, khu ngh? d??ng này là ?i?m d?ng chân l? t??ng cho du khách ?a chu?ng lo?i hình du l?ch ngh? d??ng tìm v? s? th? thái, tránh xa nh?p s?ng h?i h? và t?n h??ng nh?ng phút giây bình yên, thong th? trong khu v??n nhi?t ??i.;62;;;;;B?n Nh? Hi?p;;Không rõ map63;;11.097309331630246;106.72355582900491;Bình D??ng;Khu T??ng Ni?m Di Tích Chi?n Khu V?nh L?i;Du l?ch v? ngu?n, v?a là hành trình tìm v? v?n hóa, ngu?n c?i, truy?n th?ng cha anh, v?a mang l?i nh?ng phút giây tho?i mái, th? giãn – ?ó là m?t trong nh?ng hình th?c giáo d?c truy?n th?ng thi?t th?c, nh?n ???c s? quan tâm, h??ng ?ng tích c?c t? nhi?u phía, ??c bi?t là tr??ng h?c và các t? ch?c ?oàn, H?i. Công trình Khu di tích t??ng ni?m truy?n th?ng Chi?n khu V?nh L?i v?a ???c khánh thành là m?t trong nh?ng ?i?m ??n l? t??ng cho th? h? tr? nói riêng c?ng nh? m?i t?ng l?p nhân dân trong và ngoài ??a ph??ng nói chung.;64;;11.327168443097937;106.4762780254999;Bình D??ng;Khu d?ch v?-du l?ch sinh thái (??p Th? Tính) t?i An L?p, Long Hòa;khu v?c ven sông Th? Tính, ??p Th? Tính t?i xã An L?p, ??nh Hi?p, Long Tân, Long Hòa v?i l?i th? c?nh quan ven b? sông k?t h?p v?i các nông tr?i tr?ng cây ?n trái phù h?p phát tri?n các lo?i hình du l?ch ngh? d??ng, du l?ch sinh thái cao c?p k?t h?p sân golf, du l?ch gi?i trí… quy mô kho?ng 580 ha.;65;;11.030057270942825;106.49257626489668;TP. HCM;Khu du l?ch sinh thái ??a ??o C? Chi;C? Chi không nh?ng n?i ti?ng v?i khu di tích l?ch s? ??a ??o C? Chi thu hút khách tham quan mà còn có nh?ng khu du l?ch sinh thái mang phong cách hoàn toàn khác bi?t v?i nh?ng khu du l?ch sinh thái mi?t sông n??c ? mi?n Tây Nam B?. Trong ?ó có m?t khu du l?ch sinh thái C? Chi ??c bi?t và l? nh?t, mang phong cách c? kín, hoang s? c?a ??i ngàn Tây Nguyên chính là làng sinh thái Fosaco. Có th? nói ?ây s? là m?t trong nh?ng ??a ?i?m du l?ch cu?i tu?n mang ??n cho b?n nh?ng tr?i nghi?m m?i m? và ??c ?áo. ;66;;11.0899622938108;106.54076738268746;Bình D??ng;Khu di tích l?ch s? ??a ??o Tam Giác S?t;??a ??o Tam giác s?t - Tây Nam B?n Cát x?a n?m trên vùng ??t 3 xã: An ?i?n, An Tây, Phú An. ??a ??o có vai trò ??c bi?t quan tr?ng trong hai cu?c kháng chi?n, nh?t là trong th?i k? ch?ng M? c?u n??c. ?ây là m?t công trình ??c ?áo ???c xây d?ng t? n?m 1948, v?i hàng tr?m con ???ng h?m ngang d?c trong lòng ??t, n?i li?n các xã v?i nhau nh? m?t “Làng ng?m” k? di?u. ;67;;10.978003026111232;106.65065836858908;Bình D??ng;"Nhà c? Tr?n V?n H?
(?i?m không gian tr?i nghi?m ?ô th? v?n hóa-l?ch s? trung tâm TP.Th? D?u M?t)";"?i d?c ven b? sông Sài Gòn th? m?ng g?n khu v?c ch? Th? D?u M?t, du khách s? g?p m?t công trình ki?n trúc nhà c? trang nghiêm theo l?i ch? ?inh mang ??m ch?t Nam B?, ?ó là nhà c? ông Tr?n V?n H?.
Nhà c? ông Tr?n V?n H? có nhi?u giá tr? v? m?t ki?n trúc và trang trí ki?n trúc, ??c bi?t là h? th?ng k?t c?u ki?n trúc b?ng g? qu?, ch?m kh?c nhi?u ?? tài ngh? thu?t tinh x?o, nhi?u th? v?n c? mang tính ?i?n ch?.
Ngày nay, du khách ??n v?i Bình D??ng, ngoài tham quan các khu vui ch?i, gi?i trí hi?n ??i còn dành th?i gian ?? th??ng lãm nh?ng công trình ki?n trúc c? mang giá tr? ki?n trúc l?ch s? v?n hóa ??c bi?t này. ";68;;11.041396683384702;106.630774712477;Bình D??ng;Khu du l?ch ??i Nam;Khu du l?ch ??i Nam ???c kh?i công xây d?ng vào n?m 1999 và ??n n?m 2008 thì chính th?c m? c?a khai tr??ng ?ón khách. ?ây là khu du l?ch ghi nh?n r?t nhi?u k? l?c nh? khu du l?ch có di?n tích l?n nh?t ?ông Nam Á, b?c tr??ng thành dài nh?t, s? h?u ??n th? l?n nh?t, núi nhân t?o dài nh?t, bi?n nhân t?o l?n nh?t, v??n thú thi?t k? m? ??u tiên t?i Vi?t Nam.;69;;11.173271388591049;106.59225170552332;Bình D??ng;"C?u ?ôi Camping
(?i?m du l?ch ??i m?i, sáng t?o, vui ch?i gi?i trí cao c?p Bàu Bàng)";C?u ?ôi Camping là khu dã ngo?i l? t??ng dành cho gia ?ình v?i không gian r?ng rãi, thoáng mát, và nhi?u ho?t ??ng vui ch?i gi?i trí h?p d?n. N?m gi?a khung c?nh r?ng tràm, C?u ?ôi Camping mang ??n cho b?n b?u không khí trong lành và t??i mát. Ho?t ??ng ?a d?ng: Tham gia các ho?t ??ng thú v? nh? chèo thuy?n, ??t l?a tr?i, câu cá, b?t ?c,b?t cua, th? di?u,...;70;;10.979442096762154;106.78091482387097;Bình D??ng;Khu du l?ch sinh thái Cù lao Th?nh H?i;Cù lao Th?nh H?i (xã Th?nh H?i, th? xã Tân Uyên, t?nh Bình D??ng) ???c bao b?c b?i sông ??ng Nai, là vùng tr?ng rau, c? qu? n?i ti?ng c?a t?nh Bình D??ng. ??a ph??ng này còn có g?i cù lao Rùa, m?t ??a danh có t? hàng tr?m n?m tr??c ? vùng ??t Nam b?.;71;;10.914753255342612;106.80530597449825;Bình D??ng;Khu du l?ch núi Châu Th?i;Núi Châu Th?i là ngôi chùa c? x?a nh?t vùng ?ông Nam B?. ?ây c?ng ???c xem là ?i?m ??n thú v? dành cho tín ?? yêu thích du l?ch Bình D??ng. Ngôi chùa thu hút r?t nhi?u khách th?p ph??ng t?i tham quan b?i không gian huy?n ?o và l?i ki?n trúc ??c ?áo v?i nhi?u công trình n?i b?t.;72;;10.954712135330642;106.74645600380607;Bình D??ng;Khu di tích l?ch s? cách m?ng và du l?ch sinh thái H? Lang;???c công nh?n là Di tích l?ch s? cách m?ng c?p t?nh vào ngày 2/6/2004, c?n c? cách m?ng H? Lang có m?t v? trí chi?n l??c quân s? c?c k? quan tr?ng. T?i ?ây, có th? nhìn bao quát c? m?t vùng r?ng l?n các ?p, xã thu?c huy?n D? An và thành ph? Biên Hòa, nh?t là có th? quan sát ???c m?i ho?t ??ng c?a sân bay quân s? Biên Hòa. ;73;;11.038035598524417;106.79983008312306;Bình D??ng;Khu du l?ch cù lao B?ch ??ng;"Cù lao B?ch ??ng ???c nhi?u ng??i bi?t ??n nh? là m?t cù lao xanh, ???c bao b?c b?i nh?ng cây c?i xanh m??t, n?m d?c theo hai tri?n sông ??ng Nai màu m?. Nh?c ??n Cù lao B?ch ??ng, ng??i ta còn bi?t ??n n?i ?ây n?i ti?ng v?i nh?ng v??n b??i tr?u cành, v?i nh?ng h??ng v? ng?t ng?t, ??m ?à ?ã t?o d?ng ???c th??ng hi?u vang ti?ng g?n xa.
V?i t?ng di?n tích tr?ng b??i lên ??n 450 ha, Cù lao B??i B?ch ??ng ?ã và ?ang mang l?i cho du khách m?t “thiên ???ng” b??i b?t ngàn v?i nhi?u gi?ng b??i n?i ti?ng nh? ???ng lá cam, thanh trà, da xanh… Khi ??n ?ây, b?n s? ???c tham quan nh?ng v??n b??i n?i ti?ng nh?t trong cù lao, ???c nhìn ng?m nh?ng qu? b??i to, tròn, h?p d?n. Bên c?nh ?ó, b?n còn ???c th??ng th?c nh?ng qu? b??i ngon ng?t nh?t, n?u mu?n b?n có th? mua v? làm quà cho gia ?ình và ng??i thân.";74;;11.238010308720394;106.41718196836435;Bình D??ng;Trung tâm ngh? mát h? C?n Nôm - D?u Ti?ng;H? C?n Nôm có di?n tích r?ng kho?ng 240 ha, có c?nh quan ??p, n??c xanh mát quanh n?m.  Không ch? là h? n??c th?y l?i quan tr?ng, v?i h? sinh thái ??m l?y ven h? cùng các loài sinh v?t sinh s?ng, phát tri?n cùng di?n tích m?t n??c h? khá r?ng nên có nhi?u ti?m n?ng ?? phát tri?n du l?ch. N?i ?ây ?ã và ?ang ???c ??nh h??ng phát tri?n du l?ch sinh thái và du l?ch g?n v?i các môn th? thao d??i n??c.;75;;11.421372869902665;106.72032645791913;Bình D??ng;Khu du l?ch ngh? d??ng, sinh thái ??p Ph??c Hòa;??p thu? l?i Ph??c Hoà t?i xã Nha Bích (??ng Nai) có di?n tích h?n 2.000ha, nhi?u ti?m n?ng ?? phát tri?n du l?ch v?i h? Ph??c Hòa ?ã ???c quy ho?ch là h? c?p 1 qu?c gia có ti?m n?ng phát tri?n các khu ?ô th? sinh thái ven h?, khu sân golf k?t h?p khu ?ô th?, d?ch v? du l?ch, ngh? d??ng và các công viên t? nhiên. ?ây s? là n?i hình thành không gian ?ô th? xanh v?i c?nh s?c thiên nhiên, thu hút du khách.;76;;11.253331672459527;106.75966955249986;Bình D??ng;Di tích l?ch s? C?u Sông Bé;C?u gãy Sông Bé, hay còn g?i là C?u Sông Bé, là m?t di tích l?ch s? ??c bi?t n?m ? huy?n Phú Giáo, t?nh Bình D??ng. Cây c?u này n?i li?n hai xã Ph??c Hòa và V?nh Hòa, qua sông ??ng Nai v?i v? ??p th? m?ng. C?u Sông Bé không ch? là m?t c?u trúc b?c qua sông ??ng Nai, mà còn là m?t bi?u t??ng c?a s? kiên c??ng và b?t khu?t trong l?ch s? chi?n ??u c?a ng??i dân Bình D??ng. Trong th?i k? kháng chi?n, cây c?u này chính là con ???ng giao thông huy?t m?ch c?a chính quy?n ng?y Sài Gòn, và ?ã tr?i qua bi?t bao khó kh?n và gian nan.;77;;11.323020135019295;106.421328658807;Bình D??ng;Di tích l?ch s? Làng cao su th?i Pháp thu?c;???c công nh?n là Di tích l?ch s? cách m?ng c?p t?nh, Khu tr?ng bày v??n cao su là m?t trong nh?ng ?i?m tham quan n?i ti?ng t?i ??a ph??ng, bên c?nh nh?ng ??a danh n?i ti?ng khác nh? ?ình V?nh Ph??c, chùa T? Long H?ng, v.v. Trong hành trình vi vu khám phá Bình D??ng, n?u mu?n hi?u rõ h?n v? nh?ng ngày ?en t?i c?a nhân dân ta trong nh?ng n?m thu?c th? k? 20, Di tích l?ch s? V??n cao su th?i Pháp thu?c là ??a ?i?m b?n nh?t ??nh không nên b? qua.;78;;10.962697042247902;106.64776991054278;TP.HCM;"Khu du l?ch sinh thái ven sông Bình M?
(Các khu du l?ch sinh thái ven sông Sài Gòn)";Khu du l?ch sinh thái Bình M? là ?i?m ??n quen thu?c và l? t??ng cho nh?ng ai mu?n tìm v? s? yên t?nh c?a thiên nhiên mà không c?n di chuy?n quá xa. ?ây là m?t khu ngh? d??ng k?t h?p hoàn h?o gi?a không gian xanh và tr?i nghi?m mi?n quê, r?t phù h?p cho các chuy?n ?i trong ngày ho?c cu?i tu?n.;79;;11.066467625767414;106.58469495016979;Bình D??ng;Làng tre Phú An;"Tuy t?a l?c ? v? trí g?n v?i ?ô th? s?m u?t cùng các khu công nghi?p nh?ng Làng tre Phú An v?n gi? nguyên ???c v? ??p m?c m?c, bình d? v?n có c?a mình. ?ây ch?c ch?n là ?i?m ??n l? t??ng mà b?n nh?t ??nh ph?i ghé qua cùng v?i h?i c? c?ng ?? ?em v? cho mình c? album ?nh xinh ??p sau chuy?n khám phá Bình D??ng ??y thú v?.
B??c chân vào Làng tre Phú An, b?n s? hoàn toàn ??m chìm vào c?nh s?c ??p tuy?t m? c?a hàng tre xanh d?c hai bên ???ng. B?u không khí trong lành, mát m? c?a n?i ?ây chính là th? mà b?n ?ang tìm ki?m b?y lâu. T?i ?ây, b?n còn có th? tham gia nhi?u tr?i nghi?m thú v? nh? tr?ng tre và th?a thích mua các lo?i s?n ph?m th? công m? ngh? ???c chính tay nh?ng ngh? nhân t?o ra t? tre xanh.";80;;11.053445777452568;106.60326749521955;TP.HCM;Phim tr??ng c?i xay gió;"Phim tr??ng Windmill(hay còn g?i là phim tr??ng C?i xay gió) là m?t trong nh?ng phim tr??ng ???c ?ông ??o các b?n tr? h ??n ?? khám phá và ch?p ?nh
Phim tr??ng Windmill có di?n tích kho?ng 25.000 m2. Phim tr??ng Windmill ???c thi?t k? r?t ?a d?ng, ?? phong cách ki?n trúc, c?nh ??p khác nhau trong cùng m?t không gian r?ng l?n.";81;;11.126255907221006;106.86530070191797;Bình D??ng;Di tích l?ch s? chi?n khu D;Chi?n khu ? là m?t trong nh?ng c?n c? ??a cách m?ng tr?ng y?u c?a khu v?c mi?n ?ông Nam B?. N?i ?ây ghi d?u nh?ng chi?n công oanh li?t và s? hy sinh anh d?ng c?a bi?t bao th? h? cán b?, chi?n s? và nhân dân ta trong s? nghi?p ??u tranh gi?i phóng dân t?c, vì ??c l?p, t? do c?a T? qu?c. V?i ? ngh?a l?ch s? to l?n, Chi?n khu ? ?ã ???c công nh?n là Di tích c?p Qu?c gia vào n?m 2010.;82;;11.122569209256913;106.85761973000811;Bình D??ng;H? ?á bàn;H? ?á Bàn là m?t h? n??c t? nhiên thu?c xã ??t Cu?c, huy?n B?c Tân Uyên, t?nh Bình D??ng. H? ?á Bàn r?ng kho?ng 100 ha, có c?nh quan ??p, n??c xanh mát quanh n?m. N?i ?ây ?ã và ?ang ???c ??nh h??ng phát tri?n du l?ch sinh thái. Hi?n t?i, h? ?á Bàn v?n là m?t h? n??c t? nhiên, không thu?c s? h?u, qu?n l? c?a b?t c? ??n v? kinh doanh du l?ch hay cá nhân nào.;83;;10.786972169981922;106.64061791173023;TP.HCM;Khu vui ch?i gi?i trí Jungle Family & Kids Cafe t?i Tân Thành;V?i di?n tích r?ng l?n h?n 500m2, Jungle Family & Kids Cafe mang ??n m?t không gian xanh mát, g?n g?i v?i thiên nhiên ngay gi?a lòng thành ph?. Thi?t k? ??c ?áo v?i tông màu ch? ??o xanh lá và nâu g? t?o c?m giác th? thái, giúp c? gia ?ình t?n h??ng nh?ng giây phút vui v? bên nhau. Khu v?c vui ch?i ?a d?ng ?? ch?i, an toàn, sáng t?o, không ch? là n?i ?? tr? em th?a s?c khám phá mà còn là không gian l? t??ng ?? các b?c ph? huynh th? giãn và trò chuy?n.;
